,FIPS,County,health_outcomes,health_behaviors,clinical_care,% Fair or Poor Health,% Uninsured,Primary Care Physicians Ratio,Preventable Hospitalization Rate,% Vaccinated,% Unemployed,Social Association Rate,Average Daily PM2.5,Life Expectancy
0,09001,Fairfield,1.0,1.0,6.0,10.596030215,8.896320055,1091:1,3794.0,52.0,3.9555543538,9.1797107338,10.0,82.707272226
1,09003,Hartford,6.0,5.0,2.0,13.044215939,5.4384862036,1084:1,4247.0,54.0,4.2430134973,10.420063704,7.6,80.295570423
2,09005,Litchfield,4.0,4.0,3.0,10.678781863,5.1257219936,1598:1,3635.0,54.0,3.8223474965,10.594092558,7.9,80.432443126
3,09007,Middlesex,3.0,2.0,4.0,10.377224369,4.0905094268,1409:1,4402.0,56.0,3.5099593889,10.525671624,8.6,81.10542525
4,09009,New Haven,7.0,7.0,5.0,14.442711452,5.6898991941,1138:1,4231.0,53.0,4.396976983,8.5886789821,8.4,80.13563462
5,09011,New London,5.0,6.0,7.0,11.54628191,5.0066805924,1555:1,4332.0,50.0,3.9508813281,9.5527314493,7.8,79.875299951
6,09013,Tolland,2.0,3.0,1.0,10.470404945,3.7413953162,1993:1,4029.0,58.0,3.5803882126,7.0645248612,8.1,81.586244992
7,09015,Windham,8.0,8.0,8.0,13.385187564,5.6040261316,2195:1,4763.0,54.0,4.518651657,9.453501663,7.2,78.723192019
