,FIPS,County,health_outcomes,health_behaviors,clinical_care,% Fair or Poor Health,% Uninsured,Primary Care Physicians Ratio,Preventable Hospitalization Rate,% Vaccinated,% Unemployed,Social Association Rate,Average Daily PM2.5,Life Expectancy
0,10001,Kent,3.0,3.0,3.0,18.955716012,6.4075160659,2156:1,5870.0,53.0,4.1459730685,8.9354386282,9.3,77.732028148
1,10003,New Castle,1.0,1.0,1.0,16.799934016,5.5958405064,1194:1,5189.0,54.0,3.6592342305,10.486018939,10.0,78.468085874
2,10005,Sussex,2.0,2.0,2.0,17.813709196,7.1545503038,1609:1,4463.0,55.0,3.7476523818,10.828947018,9.2,78.514194813
