,FIPS,County,health_outcomes,health_behaviors,clinical_care,% Fair or Poor Health,% Uninsured,Primary Care Physicians Ratio,Preventable Hospitalization Rate,% Vaccinated,% Unemployed,Social Association Rate,Average Daily PM2.5,Life Expectancy
0,44001,Bristol,1.0,1.0,1.0,11.423613349,3.4871767838,489:1,3495.0,54.0,3.4583237482,10.017991495,6.8,81.659197338
1,44003,Kent,4.0,4.0,4.0,14.33040384,3.6707931257,1161:1,4344.0,50.0,3.698218312,9.5872007816,6.6,79.358548946
2,44005,Newport,3.0,3.0,3.0,12.056788365,4.0533696306,1210:1,4047.0,50.0,3.5470362989,12.10160556,6.5,81.417106862
3,44007,Providence,5.0,5.0,5.0,17.306257964,6.5703769927,1053:1,4743.0,47.0,4.4006671028,9.4295661615,7.5,79.438687469
4,44009,Washington,2.0,2.0,2.0,12.184185604,3.5567757978,1097:1,3702.0,49.0,3.5881457865,11.573523583,6.4,81.274027285
