{"Alabama": [0.4609135030915497, 0.9441547941004266, 1.0, 0.5955632382598675], "Arizona": [1.0, 0.09744547967646155, 0.016509675437698372, 0.03010136172826866], "Arkansas": [1.0, 0.11296162201303404, 0.34620645265105804], "California": [0.03703862237002404, 0.032281734925704506, 0.023095862646750006, 0.004919166309966745, 0.038042869842942285, 0.04517467320799447, 1.0, 0.2366237529221955, 0.1910210398077113, 0.008824207303019327], "Colorado": [1.0, 0.2516610012360939, 0.18997218788627934, 0.02503090234857849, 0.061289658014009055], "Connecticut": [1.0], "Delaware": [1.0], "District of Columbia": [1.0], "Florida": [0.05628802703194004, 0.022551567061238894, 0.16928985748156183, 0.26782792801462807, 0.2731423560987607, 0.12291887210085652, 0.6450293523241266, 1.0], "Georgia": [1.0, 0.3120756379109265, 0.31886999404078176, 0.18895674276905006, 0.6238029984175923], "Idaho": [1.0, 0.1784030642309959, 0.07356118640738558, 0.2730701237477902, 0.22645845609899823, 0.8682969946965233, 0.08249852681202122], "Illinois": [0.08582724221946399, 0.10412356916287409, 0.1325463729140808, 1.0], "Indiana": [0.9229360543829896, 0.3632046328485932, 1.0], "Iowa": [0.8221668993591145, 0.49715112953960533, 1.0, 0.41263940520446096], "Kansas": [1.0, 0.1967518975533223, 0.4594835262689225, 0.327693677649154, 0.17427808166899886, 0.18165627782724844, 0.19793919348683373], "Kentucky": [1.0, 0.2963667550288477, 0.6582574658046357, 0.4319496855345912, 0.5734705546026301], "Louisiana": [0.7981685900652283, 1.0, 0.3946061214249875, 0.7345082789764175], "Maine": [1.0, 0.7997918834547346, 0.47762747138397504], "Maryland": [1.0, 0.3537771762118264, 0.3638440064292361], "Massachusetts": [1.0, 0.15721806594624552], "Michigan": [0.789592303029361, 1.0, 0.08856490044608857, 0.10299931092010299, 0.053385558336053386, 0.18322271787618322, 0.05483625285605483, 0.0], "Minnesota": [1.0, 0.24551364710939183, 0.07926162644016484, 0.23802092491647622, 0.0654819471308833, 0.034181576402321084], "Mississippi": [1.0, 0.29010710405132717, 0.3547380725033749, 0.36686586985391767], "Missouri": [0.3673749409771408, 1.0, 0.6995637960402525, 0.36190872982806993, 0.06149487542704775], "Montana": [0.41007194244604317, 1.0, 0.7714542651593012, 0.7212230215827338, 0.3147482014388489, 0.2913669064748201, 0.5406924460431655], "Nebraska": [1.0, 0.13145353455123113, 0.11194692332850535, 0.06150005673436968, 0.031453534551231135, 0.09404289118347896, 0.13132115435530844, 0.0], "Nevada": [0.07334918602524236, 0.00466434973477227, 0.004435705139930492, 0.006310590817633071, 0.005670385952076093, 0.003658313517468447, 1.0], "New Hampshire": [1.0, 0.17827130852340936], "New Jersey": [1.0, 0.6617971906869348], "New Mexico": [0.8208636169303121, 1.0, 0.3562776115148924, 0.3386062419837537, 0.9157759726378794, 0.0], "New York": [0.19275029930618662, 0.27992455193163857, 1.0, 0.2697996451598944, 0.32371061367556236, 0.22791120342723614], "North Carolina": [1.0, 0.6649493034374743, 0.6700487273193563, 0.3565781881130987, 0.6425274091171379, 0.17166762839007502], "North Dakota": [0.37164939976977474, 0.10423982123683218, 0.15015472933578508, 1.0], "Ohio": [0.45067003301611963, 0.36815498154981546, 1.0, 0.39575645756457567], "Oklahoma": [1.0, 0.3329330804003875, 0.10978366160800776, 0.13722957701000968, 0.07587988375847594, 0.04036164029706167], "Oregon": [1.0, 0.39257952838199756, 0.2929240969364426, 0.13774577046181985, 0.3090992226794696, 0.1211705532693187], "Pennsylvania": [0.5172366992399565, 1.0, 0.7271308360477742, 0.4685728073350223], "Rhode Island": [1.0], "South Carolina": [1.0, 0.9826299073376771, 0.844418977767591], "South Dakota": [0.09004931824775167, 0.32704214845207014, 0.23526178370207504, 1.0, 0.3174934725848564], "Tennessee": [0.7465675057208239, 0.13140017162471396, 0.5442850437129613, 0.9176788124156545, 1.0, 0.0], "Texas": [0.5515741355157414, 0.29170918033644666, 0.3869993615295681, 0.5371832431269346, 0.06564053739553581, 0.2571289537712896, 0.08858249977471389, 0.07958231954582319, 0.013156709020455978, 1.0], "Utah": [1.0, 0.10332875547707801, 0.039761951474723695, 0.041436138905238375, 0.13105748479497745], "Vermont": [0.5792682926829268, 1.0], "Virginia": [0.796949839151674, 1.0, 0.7726003553686043, 0.36980817347789824, 0.7187239366138448, 0.4904086738949124], "Washington": [1.0, 0.9889931545327812, 0.23833996676842228, 0.3757100351636462, 0.5102979249584606, 0.08033540708682717], "West Virginia": [0.8786482334869432, 0.46828655215751996, 1.0, 0.37804775869292], "Wisconsin": [0.5401174168297456, 1.0, 0.45132093933463796, 0.11937377690802348, 0.06555772994129158], "Wyoming": [1.0, 0.24110032362459546, 0.1197411003236246, 0.8155339805825242, 0.16893203883495145, 0.5048543689320388, 0.23786407766990292]}