{"Alabama": [1.0, 0.15669054575500227, 0.2654359340778825, 0.05263621160109145], "Arizona": [1.0, 0.10107715430861723, 0.055632097528390115, 0.016700066800267203], "Arkansas": [0.2791418081688848, 1.0, 0.09851613890163684], "California": [0.011630357308872293, 0.013754908514584984, 0.005378398944979873, 0.0025039511605565714, 0.01669094177073972, 0.03160928445257058, 1.0, 0.047444916173417215, 0.15888313861600917, 0.01747807493259785], "Colorado": [1.0, 0.19722013523666418, 0.052967693463561234, 0.014588029050838969, 0.027861257200100176], "Connecticut": [1.0], "Delaware": [1.0], "District of Columbia": [NaN], "Florida": [0.005923000987166831, 0.00839091806515301, 0.5005961462032538, 0.05689136464062427, 0.03129162161738667, 0.012163305598646172, 0.37159780002820475, 1.0], "Georgia": [0.16898648035568462, 0.08112402908341367, 0.056414225249123325, 1.0, 0.05019911482119993], "Idaho": [1.0, 0.34274193548387094, 0.14301075268817204, 0.12129032258064516, 0.24129032258064514, 0.21935483870967742, 0.0], "Illinois": [0.009771131384944053, 0.03411359378009701, 0.09184239672894742, 1.0], "Indiana": [1.0, 0.7466700554441652, 0.6923465649240721], "Iowa": [0.3715964357982179, 0.07460772480386241, 0.17191603190396193, 1.0], "Kansas": [1.0, 0.23599268862193204, 0.19450445505821354, 0.3501220323940537, 0.3359852927192621, 0.3656534280008875, 0.03600748042727186], "Kentucky": [0.48342999171499584, 0.5105633802816901, 1.0, 0.3929577464788732, 0.6854460093896714], "Louisiana": [1.0, 0.5828435858329096, 0.3701826809015421, 0.15544483985765126], "Maine": [0.6129032258064516, 0.6193548387096774, 1.0], "Maryland": [0.7610594101647912, 1.0, 0.012466001813236628], "Massachusetts": [1.0, 0.42821515233216495], "Michigan": [0.45100101989190755, 1.0, 0.03440328292765192, 0.04826952985927633, 0.013191672756572414, 0.004497161167013323, 0.003148012816909326, 0.0], "Minnesota": [0.08058374995141655, 0.02929306161149266, 0.0121850110369708, 0.06859394325008038, 1.0, 0.0010105357710949343], "Mississippi": [1.0, 0.5165118679050568, 0.35033774275260343, 0.368937048503612], "Missouri": [0.06402130981905024, 1.0, 0.07915083276192428, 0.07946174336364471, 0.005648939101680904], "Montana": [0.48666666666666664, 1.0, 0.6357142857142858, 0.4266666666666667, 0.20833333333333334, 0.09333333333333332, 0.36666666666666664], "Nebraska": [0.4151540734487125, 0.5375334177571408, 0.5492513594716062, 1.0, 0.0047277332207682566, 0.10991979738286196, 0.06303644294357674, 0.0059096665259603205], "Nevada": [1.0, 0.053674649050371594, 0.08876961189099918, 0.09083402146985962, 0.04335260115606936, 0.04541701073492981, 0.0990916597853014], "New Hampshire": [1.0, 0.10865191146881288], "New Jersey": [0.37399594493816424, 1.0], "New Mexico": [0.5012853470437018, 0.3390745501285347, 0.5018566123964582, 0.02724935732647815, 0.047814910025706946, 1.0], "New York": [0.01647267894553407, 0.3036064413701091, 1.0, 0.009210586788919145, 0.014476036183319628, 0.0038864568611905828], "North Carolina": [0.840264782466819, 1.0, 0.25051259795967146, 0.4980753990716631, 0.14000528321823466, 0.06973848069738481], "North Dakota": [0.5714285714285714, 0.9495798319327731, 0.2521645021645022, 1.0], "Ohio": [0.9309813746226666, 0.27399141630901286, 1.0, 0.4518142801404604], "Oklahoma": [0.121917070543888, 0.031188296535630947, 0.02198577609418231, 1.0, 0.29007359540477473, 0.0007180039490217197], "Oregon": [1.0, 0.2739984882842026, 0.11326058201058202, 0.1669973544973545, 0.208994708994709, 0.04960317460317461], "Pennsylvania": [0.26667318326537454, 1.0, 0.16338043903256438, 0.08052033489111074], "Rhode Island": [1.0], "South Carolina": [0.6389476694309408, 1.0, 0.9381908302354398], "South Dakota": [0.6954100984793123, 0.08781113447571325, 0.5506782929764122, 1.0, 0.015032884434700909], "Tennessee": [1.0, 0.1456658034619054, 0.08680974198215578, 0.15342678311194055, 0.10353005315524058, 0.03679978192721821], "Texas": [0.43722304283604135, 0.1476628389002716, 0.2724787076903737, 0.43568564796671994, 0.06248795838417571, 0.5096602658788775, 0.1709338585261776, 0.15823485967503692, 0.10241260462826193, 1.0], "Utah": [0.8774915670039866, 0.0, 0.014310538689563527, 0.14989267095982828, 1.0], "Vermont": [1.0, 0.9370629370629371], "Virginia": [0.35670132459763565, 1.0, 0.27595474446226537, 0.05832502492522433, 0.06655034895314058, 0.030658025922233302], "Washington": [0.05629990526458249, 1.0, 0.15442259729714053, 0.03747462444173772, 0.07148077257699668, 0.010556232237109216], "West Virginia": [0.5036524413687044, 0.1115916955017301, 0.5031718569780853, 1.0], "Wisconsin": [0.3359922313934938, 1.0, 0.43552750225428316, 0.03651938683498648, 0.011045987376014428], "Wyoming": [1.0, 0.7751004016064257, 0.060240963855421686, 0.13855421686746988, 0.06265060240963856, 0.23393574297188757, 0.29819277108433734]}