{"Alabama": [0.45899334955101595, 0.714612147074297, 1.0, 0.6008796593986866], "Arizona": [1.0, 0.10027976235861394, 0.021526413169442107, 0.02471109690209198], "Arkansas": [1.0, 0.2060615641898391, 0.5581525282866011], "California": [0.049820307722589274, 0.03589778595702927, 0.024533955061939273, 0.007035745310813004, 0.0337750957331165, 0.0643735045358118, 1.0, 0.2667456876393488, 0.289312386051867, 0.018050908312860894], "Colorado": [1.0, 0.24236371657560157, 0.08004766046356561, 0.027006103073613758, 0.07880800133693396], "Connecticut": [1.0], "Delaware": [1.0], "District of Columbia": [1.0], "Florida": [0.03677257852069257, 0.031544739215506434, 0.15469574679195885, 0.310775274007154, 0.3558590684775852, 0.1479603699956434, 0.7157308338301385, 1.0], "Georgia": [1.0, 0.1901994373693426, 0.12819426737191125, 0.1403709679568205, 0.28722398566327917], "Idaho": [1.0, 0.17089768617047849, 0.12454183860728928, 0.21613460827513162, 0.23924867360091123, 0.9242653597514063, 0.10705489443761677], "Illinois": [0.09774650314018746, 0.10069774356151259, 0.19160777283070723, 1.0], "Indiana": [1.0, 0.3758220678468036, 0.819770482036681], "Iowa": [1.0, 0.4007699906212327, 0.5500446011068932, 0.36722784845312106], "Kansas": [1.0, 0.15350190903898103, 0.5423173132991673, 0.10290700754023871, 0.05766076922337525, 0.09815433319160491, 0.029489329771784506], "Kentucky": [1.0, 0.4165553908720222, 0.5145467643579885, 0.3531990593567644, 0.33402418269815526], "Louisiana": [0.7645951828770584, 1.0, 0.4080386872756954, 0.4849165295466618], "Maine": [0.8802002118290017, 1.0, 0.5105021315437356], "Maryland": [1.0, 0.37599407413273395, 0.1578503640071548], "Massachusetts": [1.0, 0.1825606987510929], "Michigan": [0.7368918687229582, 1.0, 0.11390776810270781, 0.11380646637551337, 0.09332867403219862, 0.1296723795154028, 0.0735479455243456, 0.009789737229006433], "Minnesota": [1.0, 0.1395004376702953, 0.06544518946081346, 0.1335846578556446, 0.07854155270355566, 0.029665965355214253], "Mississippi": [1.0, 0.4085595926586346, 0.7371105439210367, 0.7456169671329035], "Missouri": [0.5289359881331404, 1.0, 0.7592577252950464, 0.3858240556888021, 0.0732746847662687], "Montana": [0.6934701492537314, 1.0, 0.9107681031654913, 0.8973521814006888, 0.2171534156142365, 0.1666260045924225, 0.18157111079219287], "Nebraska": [1.0, 0.15401424906194544, 0.12612890279529088, 0.06658444052395747, 0.03441507548672152, 0.04598835303117828, 0.13324590300437672, 0.014563394794772914], "Nevada": [0.05629053498123937, 0.006488244000679397, 0.003304451596252727, 0.010709771629869658, 0.013755147868170458, 0.0022865688893398597, 1.0], "New Hampshire": [1.0, 0.2138820372428374], "New Jersey": [1.0, 0.8224417741704486], "New Mexico": [1.0, 0.8451643889722726, 0.3383342549437818, 0.3126749348289754, 0.7553809937593806, 0.03979461252863575], "New York": [0.20935449107316698, 0.30535490386906433, 1.0, 0.3241293748585531, 0.3427962482202478, 0.2194401210185466], "North Carolina": [1.0, 0.4901181656500589, 0.6398956048426404, 0.25527617824216703, 0.4942385549505641, 0.10788738452470657], "North Dakota": [0.6192840781795991, 0.17309741371595036, 0.26034128717581595, 1.0], "Ohio": [0.7482128563600318, 0.5208234331679505, 1.0, 0.4887041788702783], "Oklahoma": [1.0, 0.29349856183082546, 0.1660505730937871, 0.17775891319752946, 0.1265474883968055, 0.013533102272129978], "Oregon": [1.0, 0.39919666813062843, 0.23101208294790562, 0.12145788361573509, 0.10136838833307087, 0.07065623764464994], "Pennsylvania": [0.6971396732363881, 1.0, 0.5674350946944077, 0.5288055494829298], "Rhode Island": [1.0], "South Carolina": [0.6145337211791282, 0.7107690681887123, 1.0], "South Dakota": [0.15389088794388106, 0.39696559029238127, 0.28097722225091676, 1.0, 0.5790717115545378], "Tennessee": [1.0, 0.198447480667045, 0.5708289331839995, 0.8928747131559704, 0.6864178112215402, 0.1416256446345659], "Texas": [0.6134112991346977, 0.2607887464025127, 0.39621089221454164, 0.4789985950967612, 0.06213191269165629, 0.18208246655444316, 0.06320795146169471, 0.05334736127107882, 0.019935619148873335, 1.0], "Utah": [1.0, 0.12940197215814833, 0.052839795024067375, 0.015984547131055953, 0.19867119318612428], "Vermont": [1.0, 0.8532940872821927], "Virginia": [0.5917266406644869, 1.0, 0.577676009062396, 0.30073817473800646, 0.3022128963842317, 0.23870035298311584], "Washington": [0.8666643070355204, 1.0, 0.2820486162031643, 0.2926622297709374, 0.28289236753912367, 0.055870935910208384], "West Virginia": [0.8121489166571133, 0.4709880283650775, 0.6374329222689877, 1.0], "Wisconsin": [0.6707434905581415, 1.0, 0.42756563564128813, 0.23283578784410713, 0.15052814509042484], "Wyoming": [1.0, 0.20262646566164152, 0.10377889447236181, 0.4325896147403685, 0.1499256281407035, 0.22013902847571187, 0.26461306532663315]}